blqpblfwzi@msn.com,
eeidezvehc@yahoo.com,
qhoiambdaw@yahoo.com,
uamzcmqriu@msn.com,
yyckkncdba@gmail.com,
hovbwtealh@msn.com,
ummbgkljul@msn.com,
eispqlazoy@msn.com,
zwqdxqdaoq@outlook.com,
bxlzpdmbgx@supersqa.com,
jtlfkamvpz@gmail.com,
htyuzgcjwn@outlook.com,
ewjwkaeqdh@supersqa.com,
gnlutkpgyl@msn.com,
gxjsznxihi@msn.com,
dmlipidbwc@gmail.com,
hscrryrrur@msn.com,
svsnsvgaxv@msn.com,
eudiyjtlbs@yahoo.com,
gnqysadcyg@outlook.com,
sptdxbdjld@outlook.com,
voqtnnektr@gmail.com,
cjnjzszbrr@yahoo.com,
inaciigukt@supersqa.com,
kwytsyttoo@msn.com,
oqbwtrrnrc@supersqa.com,
dxtuwzokzl@outlook.com,
agqcejofxn@yahoo.com,
qahcwmhamb@msn.com,
inejaltmvi@yahoo.com,
crbzpjqodv@supersqa.com,
ovxwldbbvj@msn.com,
oxrmcxnjgr@supersqa.com,
djeukspyyc@outlook.com,
snbwvfsxnp@msn.com,
kjffykyurn@supersqa.com,
cpnfzedqeg@yahoo.com,
yajvwhfixh@gmail.com,
ezqdgrzvxy@outlook.com,
bcnpxhdlfp@outlook.com,
seunkrtflf@yahoo.com,
mzgbpfiati@gmail.com,
uqnyxicdyc@msn.com,
nbyqyhbgkk@yahoo.com,
jneeuvsqne@supersqa.com,
dfrupzimdv@supersqa.com,
jjswxylgbf@supersqa.com,
mvewxegxkh@gmail.com,
reercmysog@yahoo.com,
saksvwrluz@yahoo.com,
jzawaxztpi@outlook.com,
cwpoywrzju@outlook.com,
htpbmluvlj@yahoo.com,
nckovtcxiz@yahoo.com,
tzmxywcakt@outlook.com,
gsyoyqiqna@gmail.com,
wkylgqcqxl@msn.com,
xqpmwauzid@msn.com,
jijwgylmnm@msn.com,
soqwpdrsbl@supersqa.com,
teeqswxnmg@supersqa.com,
sbbhoibvcp@msn.com,
oanachcptf@gmail.com,
iqzuqnotmg@yahoo.com,
iparwcpcqd@supersqa.com,
ncptfoblaw@supersqa.com,
jlufzbelfw@msn.com,
fwkjstcjux@yahoo.com,
aowoqcxeaw@gmail.com,
qnkffmqpdi@gmail.com,
dvtudmbuvj@gmail.com,
ifrptcereg@gmail.com,
rqgroqcvne@yahoo.com,
cuupxizham@msn.com,
yiezpefwmp@supersqa.com,
fwsxatzbtg@gmail.com,
vqxipbbeot@msn.com,
bqfvwshpkn@supersqa.com,
tkfqdyscnp@outlook.com,
bpofyguail@yahoo.com,
ouxdcvkuny@outlook.com,
teipswkwhv@outlook.com,
rvmfttcqzo@msn.com,
spwaegrfdk@gmail.com,
ylxdkxbhnp@yahoo.com,
zcdgnxhuht@supersqa.com,
jsfrbnhlxd@yahoo.com,
ixazcymjdo@outlook.com,
hzhqdckhcz@supersqa.com,
mhfjivmsnp@supersqa.com,
ljshofncvr@yahoo.com,
bwmibhtahl@supersqa.com,
ougjuralcc@yahoo.com,
umeermpfsk@yahoo.com,
ufxkidurxr@yahoo.com,
xwsgjvdthn@yahoo.com,
tndfimfwwx@msn.com,
joswnuvzuo@supersqa.com,
kpuxyemmin@outlook.com,
gksfvuuaei@gmail.com